{"cameraMode":{"drawMode":0,"name":"Shaded","section":"Shading Mode"},"sceneLighting":true,"audioPlay":false,"sceneViewState":{"showFog":true,"showMaterialUpdate":false,"showSkybox":true,"showFlares":true,"showImageEffects":true,"showParticleSystems":true},"in2DMode":false,"pivot":{"x":-31.12749481201172,"y":31.979694366455079,"z":-53.06480026245117},"rotation":{"x":0.03701414167881012,"y":-0.9600962996482849,"z":0.23037704825401307,"w":0.15424691140651704},"size":70.87897491455078,"orthographic":true}